eval_period,monthly,monthly,monthly,monthly,monthly,monthly,monthly,monthly,monthly,monthly,monthly,monthly,monthly,monthly,monthly,monthly,monthly,monthly,monthly,monthly,monthly,monthly,monthly,monthly,monthly,monthly,monthly,monthly,monthly,monthly,monthly,monthly,monthly,monthly,monthly,monthly,monthly,monthly,monthly,monthly,monthly,monthly
model,nan,nan,nan,nan,nan,nan,nan,1.0,1.0,1.0,1.0,1.0,1.0,1.0,2.0,2.0,2.0,2.0,2.0,2.0,2.0,3.0,3.0,3.0,3.0,3.0,3.0,3.0,4.0,4.0,4.0,4.0,4.0,4.0,4.0,5.0,5.0,5.0,5.0,5.0,5.0,5.0
top_n,10,20,30,40,50,100,1000,10,20,30,40,50,100,1000,10,20,30,40,50,100,1000,10,20,30,40,50,100,1000,10,20,30,40,50,100,1000,10,20,30,40,50,100,1000
2013-02-01,0.043920247595346615,0.0483298002123115,0.0462846389934539,0.05117094756842999,0.05097998688895321,0.047910331586503895,0.04940303045011248,0.025023467484878287,0.02573467813739265,0.022832958078732764,0.021281292947889607,0.017558965314256592,0.0161670020376277,0.016267080756098073,0.05047692189285014,0.050789810946484985,0.04581872060192089,0.0435363667462376,0.043692715645384496,0.042474612146590984,0.042926403383999286,0.07183106106586053,0.05845635673549076,0.06388142954136503,0.0694445862497643,0.07006639190012494,0.06554271196991039,0.06707601545009191,0.05780526093756618,0.05280800942303853,0.06111514555840089,0.06051900836458382,0.05886169732006479,0.056172736031820256,0.055206808501368616,0.12135008053756913,0.11513921167287747,0.12247017364109601,0.11431644515285994,0.10386964187308617,0.09003847969541696,0.08546236912507937
2013-03-01,0.03415130845960785,0.046825935852506724,0.05008103011546708,0.05070832357010092,0.046338289861649624,0.05305415995056722,0.05549074714886957,0.0027308926198981185,0.013047838549079021,0.011392974175110314,0.01099550810784066,0.011970153582263011,0.01620384259778513,0.015582323840650255,0.056033792991542354,0.05006299341453106,0.04838351004095866,0.04910104834348827,0.051901094889320244,0.04760580898878601,0.049391921915705586,0.06991266382195437,0.06373445310943866,0.05452213140717759,0.05885392609851634,0.06512347589638752,0.06134749723063748,0.06610972861531843,0.06419476871916387,0.0652701492685552,0.0661966321042739,0.06213474862800169,0.05573772960522696,0.05808174055380334,0.06151709911734517,0.07731017200109071,0.10646996522323618,0.09673407375143563,0.10365346593903456,0.10122826410084972,0.09397756762938507,0.11405818111087083
2013-04-01,0.05084784522102491,0.04404386254170981,0.04201422894165782,0.044613174364720586,0.04298435668398968,0.04679943324359358,0.05203445059833472,0.007150285536640543,0.010166663913532643,0.01668977597021296,0.02008806193958873,0.021066410522269152,0.020565796699135216,0.022143303672211505,0.04228804766098951,0.043470013964885985,0.048161956560901074,0.04882035109540851,0.04843978077443959,0.04674791408338113,0.04205797588540057,0.08623581867115446,0.07726525881365712,0.07964943338085738,0.07463572520342501,0.07239679854181275,0.07231441828217178,0.06794702599557255,0.057505007778239435,0.057870423751289264,0.057666673610759216,0.058075755184651766,0.06174172326133023,0.06344084000906158,0.06512586297637257,0.05209998452635072,0.06332113332789524,0.06233983530165158,0.06025137840014174,0.06487738362220145,0.0649637385187692,0.06788932725006203
2013-05-01,0.06306094615891804,0.060120008608090435,0.06336621735419953,0.06229686126145594,0.061999947670891405,0.05436957567112419,0.05855043651185234,0.008328867058938037,0.003524545484479597,0.009276297681404056,0.01000294014990194,0.007708630459088452,0.007173400196019172,0.011670059568550934,0.04164412057351703,0.04309467442715251,0.03998246902071099,0.03888509131224227,0.043366290894615835,0.04627544364272199,0.04367247278267138,0.07164454963089907,0.07340391264475292,0.0780671399484581,0.08398661845293037,0.07841705087429214,0.0709680063824786,0.06564262090389368,0.061441080555267744,0.05957296403908333,0.051321827428722024,0.049106975075345685,0.054038433346861744,0.05216736723358538,0.05639708799481092,0.10622644049426742,0.09459901635272802,0.08582559685321547,0.08893499384416516,0.09256568462228383,0.09601719177960957,0.10776325953382257
2013-06-01,0.03459645899166926,0.03910446256373312,0.04334168056375466,0.03980217747205092,0.04288954680311043,0.051825148507001484,0.05591054436029123,0.012167278884695319,0.01740232487319483,0.01719434524078971,0.01704258496872942,0.016423482809640053,0.01651613843511091,0.01831489911409128,0.03700500255227324,0.035050918540095816,0.03387846784623072,0.03926693071151357,0.03695599971901859,0.0417652324462782,0.04043878673920457,0.030616128726553917,0.04448021011768931,0.04675408335840314,0.05078289180624858,0.05458877485195115,0.05715740538008242,0.06558416245969448,0.08842130821470165,0.07862006257176196,0.0774234691631526,0.0800871261527141,0.07896048620303679,0.07539513556966089,0.07224465288750777,0.10652888845079245,0.11489671888637237,0.11763994959751978,0.10861571487468719,0.10898240274384091,0.10611646988586822,0.0969709582612719
2013-07-01,0.04727553332678062,0.054577367368377074,0.05004543778418622,0.04858772945267265,0.049416835304941724,0.054012214081008564,0.054032765702326735,0.014430956814321634,0.02020932447542252,0.01916229661423103,0.01918394400054866,0.01781944728066891,0.018281548245065508,0.01948169829987716,0.05573848438417813,0.04320946124561673,0.03467497917697256,0.03618584817981786,0.036473658719393336,0.03667593500694914,0.0365857046803688,0.05867761689855144,0.06909634016320289,0.06676439905148127,0.06431230854347339,0.059542511893830065,0.06186838642691626,0.06106829946733276,0.04864659536589333,0.06254555481575831,0.061207519878026626,0.05681302170471167,0.058480396885590875,0.06486290542092728,0.06634960316160697,0.08943326057564181,0.09405706064587574,0.0899812370219442,0.07792983515409464,0.0765451728691488,0.0804205433901461,0.08550458312447279
2013-08-01,0.03891727176066421,0.052662306965321926,0.04371387559291648,0.04524801508612872,0.04504218944949381,0.04808049173386356,0.055331641235363396,0.010177358286864103,0.017525088882700424,0.02055469302576225,0.021911115507882845,0.02264502148972531,0.019196651064993138,0.01704528957979551,0.042143160258277974,0.040365143793069505,0.03743470080151423,0.04043546503078708,0.03842763674704297,0.03696309267656106,0.04026845986339654,0.05611220348540394,0.0523507057003959,0.05983911057645747,0.06067654350055749,0.06199523134980987,0.061640069951205474,0.06444689853484552,0.0822457209828549,0.07783844201733574,0.07281279431650045,0.07585390077623695,0.0715703807968577,0.07413508394686212,0.07632273343036353,0.09982348117780901,0.10568198166777898,0.11645467452906315,0.10771589461660865,0.10540452686577825,0.10451618775566497,0.10126880820904059
2013-09-01,0.049659276458425404,0.05648686208131457,0.054692227775361014,0.04786192518526984,0.04933844624257197,0.05227159014779478,0.05739096523367669,0.015829280767910472,0.019601754011367434,0.019346511896815754,0.015068733569728278,0.01630114805160523,0.01761025598860141,0.016556984626053015,0.045761903402902246,0.03993483144081879,0.04116975015538282,0.04125874264708551,0.03876400124347928,0.03769603503519719,0.035615084557840695,0.06798586219388551,0.07672072529020706,0.06965035957544015,0.06678025156037014,0.05890699495336467,0.0590810819714713,0.0588089438523839,0.09728695430905705,0.09421168482524936,0.0851952946565464,0.08489882804362393,0.08296105814377691,0.07787568448652135,0.07393645198306177,0.1307323851864914,0.11178709901036402,0.11498708441012534,0.11521790565522827,0.12201595520974166,0.11780992677172007,0.10954743414883177
2013-10-01,0.03291986323381491,0.0467404783817331,0.0558105953118184,0.06007696320119958,0.06187356506000979,0.0594407042510096,0.05791755476461364,0.0049765708125831636,0.008314010103471476,0.011510112478816895,0.01113813471401325,0.011062196968883891,0.013148419360011316,0.016044320793609377,0.017932771160413107,0.024040507171413438,0.029014282535331233,0.038161398588631504,0.04071041813648487,0.04316362517094632,0.04508111025776713,0.07032235633834596,0.07455291851445714,0.07085735183924184,0.07083340277061337,0.06682257455099906,0.07097014052557514,0.06460286668472827,0.07242923127365852,0.07472024878764598,0.0702117587409819,0.06858319616127774,0.06807287192397102,0.06937197080579896,0.07225375986015578,0.0922194346288167,0.08242414190300003,0.07432749381870467,0.07854788309864251,0.0867768524065656,0.08470951990708785,0.08764580821464653
2013-11-01,0.06532074917512708,0.06655941124798083,0.06759689611646362,0.06016553515813953,0.05815564221865929,0.05484605476434914,0.04915383577750471,0.016654209708090853,0.009583506169723954,0.01120226192093077,0.010992418660833043,0.01084982666616526,0.008662099629400545,0.011325807553753276,0.0467767288767812,0.043261105436523985,0.04918863977344254,0.05105565532118742,0.051211329058948214,0.04534559713151534,0.04136251419202886,0.08327017792091937,0.07556700957422016,0.07136617814092,0.06934531562819038,0.06981512821400344,0.06324949523551268,0.061319132332787143,0.062206421319129394,0.058378563087539276,0.06503746543116282,0.06906558808019923,0.07236209922770388,0.06314074413451705,0.06843089691944228,0.06671617127738437,0.07144737381270141,0.08551040847002142,0.08196699253051981,0.08690634866662306,0.08922285002294794,0.0770211632902771
2013-12-01,0.057632319164701205,0.04193811649749456,0.04108932832263579,0.0383760311801165,0.04214541756321614,0.048486020020883404,0.04664286010923369,0.005570400857260444,0.009127015785508858,0.012385103233908904,0.01345966579350791,0.013110730361882353,0.015416990095768336,0.01612095049593995,0.04442882613957914,0.049903199543212325,0.049748405341109816,0.050020004468421815,0.0489052514619182,0.04651807581717536,0.04572966958521753,0.06591738177669625,0.05998977435330824,0.05739036866752359,0.05679162084488011,0.054845670693450595,0.05304389580567759,0.05468933986384991,0.050294053113628286,0.05401628651210509,0.05447448597250117,0.04757180023332243,0.04752603330120073,0.05202383596670572,0.057578724276019164,0.04492021939458938,0.058683654093968765,0.07783918937615829,0.08032261233637815,0.0810803625803592,0.07380360221480192,0.0646176921291597
2014-01-01,0.03025030896410365,0.027027841094134555,0.03247651090306763,0.030272969098906075,0.03822049986638553,0.03100939903494112,0.0424513289250098,0.0255732230052173,0.021161645625926182,0.017694786402582433,0.016094576990610465,0.013348063256124415,0.014708515444836824,0.014164828207435054,0.0463851748072829,0.04015730984876463,0.04603317568349726,0.04120781137513466,0.04257069517197882,0.04213911081617305,0.042831957034822316,0.04186236765227847,0.04314012706095673,0.04783598827920146,0.046170993340726406,0.04779181807366163,0.047753002253488615,0.04938429265136693,0.027266071963158466,0.04563335398677166,0.05243982786066333,0.05996331288453482,0.059179195500376584,0.05390031701364736,0.05270832466397692,0.06296655357444829,0.05707122281752084,0.05797754972130615,0.05944645365673363,0.055008264880784176,0.06168535822069669,0.06352720829278286
2014-02-01,0.0588309753091095,0.05808717441056911,0.054927912131945734,0.05783707339229464,0.054229326018669984,0.05069535871978044,0.04494021090856824,0.019968259298567246,0.013821588480467918,0.012754570272355742,0.012126172768809207,0.012851100678529619,0.01613776609521776,0.013730035572408098,0.03972510935927162,0.0359887794071191,0.0365414697659572,0.034487132262423996,0.03433446518489033,0.03668731654316957,0.0341221539817022,0.06196456010534928,0.054231068010590654,0.049244299335459124,0.04560208226241463,0.04512414965734888,0.049465446941042254,0.04704066974404793,0.07230059881632825,0.05736613267926623,0.05702019424752035,0.06002671827158025,0.059239452519033134,0.057487633452375314,0.06058023729893061,0.047263836325950735,0.04281438234200267,0.06274936163450119,0.055547471571665855,0.051742206108062815,0.057400090914848566,0.05777095505590906
2014-03-01,0.04249965979558951,0.03397012932476029,0.034106057127845,0.024742409045192974,0.022104967224597556,0.022129021530611928,0.028810536964012215,0.026524510888265775,0.02443057583100734,0.023611282614257715,0.018501914094153648,0.018130826289376515,0.016981044814423578,0.015658142234682575,0.033774271761542324,0.039190894640823516,0.03726359322452399,0.03854322050696693,0.04212202124188672,0.03996396118849421,0.03998748732262978,0.03368194101238699,0.033982396351237586,0.036914191291916185,0.04091797641035207,0.04188772582665055,0.04137062297909265,0.036300676071359665,0.02384512183796439,0.022745677126764712,0.030076227294574803,0.03594988652889273,0.038104977534579004,0.039441748558220385,0.031569563335987046,0.018882637176309284,0.029699093861909404,0.019554893597865462,0.00738606877727826,0.01458707650424374,0.012160996712437517,0.010386957740560115
2014-04-01,0.046283639194859214,0.04598490728710749,0.04411102595458686,0.037232263523946506,0.04111223266484346,0.02730445960312482,0.02417815232095892,0.013266094943519926,0.011819040624464502,0.010463389513596495,0.008820042282363199,0.009242111996344969,0.011694407328801911,0.010986907908069192,0.021913078575719523,0.019687111305101604,0.02607947679122922,0.02406654647196986,0.026513751105189207,0.03284080903007472,0.03526643543696516,0.0392311565518063,0.03486141869737848,0.03098586716189817,0.03550845696823075,0.029385141286185943,0.02594245249844011,0.025173636133601806,0.03046969139255125,0.02292868987508816,0.02879506794414919,0.034246969995431406,0.03937691439652784,0.022643452822749047,0.019412409393421023,0.011124785278006304,0.004034902991779816,-0.0031733409263402855,-0.0026495073794102274,-0.003959170485664572,0.0019473168438504545,0.011723472732200995
2014-05-01,0.022117038579259278,0.009775735537915805,0.014713525801700869,0.009169355958521612,0.011172050069359913,0.01277625701183408,0.014526528801457234,0.01530426501959553,0.01353704921586435,0.012787809445949073,0.011734662113578391,0.011794702056607943,0.008379093076890332,0.009923402402388341,0.016892348278083724,0.020748161076185625,0.02525678859203053,0.02466574172304933,0.024453038745014914,0.02639042687412833,0.02538614202958994,0.03165387794603739,0.025828167560326312,0.024835409315532533,0.023604978391763006,0.020660884831083793,0.017470045076353576,0.021195941851634308,-0.026731684063092336,-0.00861768264841561,-0.0027072088259702076,0.00543172740876562,0.003990318726861233,0.002028801337814941,0.005278934261249956,-0.061991830810483525,-0.011472561544917447,-0.01871739974153307,-0.0102576042639268,-0.007717701049886167,-0.005945396266379347,-0.005032636296027301
2014-06-01,0.024669946015031863,0.019970485392275503,0.01772170531604343,0.013360436856406036,0.014105925616200218,0.008190390764756476,0.00754525127832621,0.013300272115933182,0.013881709639885097,0.010452229573440785,0.009909178936757218,0.010005180511424053,0.007014876358764959,0.003860856637121842,0.0063179298621255965,0.017502231280534453,0.01978774614190837,0.024269448432482653,0.02467627539401015,0.02648141737599845,0.02631995319302372,0.016588906593791534,0.017477354724083217,0.011525898111444288,0.015451907094243522,0.016706277794248256,0.022480021069602837,0.02127977946784911,-0.03166780538618675,-0.001194628892713221,-0.00763839890995575,0.0005575677527998678,-0.0016684496964801073,0.0004955763694799883,-0.004539255683898739,0.0027490104708192457,-0.004078213161243673,-0.006188123164575166,-0.02067562814055908,-0.02935430682747514,-0.026442566139380997,-0.025665469290298726
2014-07-01,0.027210165160424505,0.022050637715954155,0.017469652131933303,0.022263182819831438,0.01959650945145995,0.016775447797234427,0.01204694609060724,0.0075212748616199495,0.009754533683180825,0.010091401765440483,0.009870829251434019,0.009218997551365604,0.006260681790263139,0.008857799954856737,0.02424483327156692,0.022943678751892425,0.020901836479380986,0.022366076938405404,0.01924461765437504,0.023413600441989795,0.023145937414619996,0.024527251343924316,0.025540390657390426,0.017835306093603356,0.005366560261440989,0.007540138437274847,0.011107412684979286,0.014273329380591424,0.03973754980900872,0.02008417080364311,0.016652751564975914,0.013631871867150414,0.013493458440115626,0.007388065801254524,0.0063250593552228295,-0.00043248603213126146,-0.020080178781952854,-0.02445599997578548,-0.014371772191627774,-0.015562806006077071,-0.014472374809057475,-0.01605973576792976
2014-08-01,0.026941758946497443,0.020223051688359004,0.025269449778856787,0.02455927181578306,0.021968560646900913,0.005547617634739357,0.008592378387863187,0.010581754440983365,0.009789427289448259,0.007936578977511459,0.0059790019127188235,0.007558378756567825,0.01022464241627749,0.009722010698272481,0.02432163985422477,0.02195260137730922,0.017890067215644113,0.018693465637900926,0.022375136845193044,0.02242998356207639,0.02453421119637382,0.03844841175998896,0.021109921673285754,0.014940804570754009,0.009075946462677242,0.005491653232358117,0.01069861215202936,0.01058267713987966,0.004785878726137476,0.00024164363818375694,-0.0042121182083654524,-0.002749077700932132,-0.008488968980931651,0.0037285740200818976,0.0015118806007689094,-0.041168874108187786,-0.02647063058730673,-0.01877134951041993,-0.018344984741278218,-0.02347272409474566,-0.017595625857605993,-0.017592307703047504
2014-09-01,-0.025309863003434897,-0.011292430302240372,-0.005317404487504735,0.000504430047434676,0.0031851931885459473,0.0011061253012217217,0.00023221767354982947,0.01166484070906209,0.01075053135700147,0.01206187507842065,0.01292791828327291,0.011445931597270777,0.008778497684519014,0.007451425127901645,0.005166674470842745,0.0038666639813480343,0.0089551870368333,0.010426518558271888,0.011606305080095554,0.013110185668633168,0.013536190792142895,0.01332475311689621,-0.01250497197763429,-0.010777138162294055,-0.008274660524338473,-0.005120825563203723,0.0034950443949224425,0.002036244997859172,-0.020749443205608054,-0.006178673852871989,-0.012933971315862193,-0.012531310640626797,-0.012431993649982744,-0.007877516091966979,-0.013453462893344325,-0.02213515795491301,-0.005164075243806493,-0.019054090985645703,-0.028585291985009507,-0.025295081796441847,-0.019901843242719496,-0.02167880647499395
2014-10-01,-0.027981964013525543,-0.01817127469370354,-0.01500151572054168,-0.007536644454336904,-0.004385828425070428,-0.0066022288466211386,-0.0063493863991862486,0.008669206884473375,0.006786037287427887,0.0037998433817863953,0.001750114844083922,-0.00030912719810032203,0.001294007403518852,0.0030342515879823117,0.02726338346094901,0.023228171944351346,0.025189379732369052,0.02343289764960886,0.022536361769548787,0.01986651349166258,0.018998755162517252,0.0015743674017194263,0.007275811553221403,0.00430116052331556,0.0071366095500816195,0.0033665766501256153,0.0016750791930307284,0.0022021995444016077,-0.05016150573222285,-0.030524845827607335,-0.03222127554688711,-0.02431415145634801,-0.01961559150640895,-0.02403784315686042,-0.02093756937959486,-0.05832926173489517,-0.06521252027651253,-0.05999788433470581,-0.07054242786730185,-0.06951563603481764,-0.07044834459123621,-0.06890467469443465
2014-11-01,0.006391004591060229,-0.007091109379467161,-0.010217782122300957,-0.013201100456207447,-0.012094693359517098,-0.008124379564511256,-0.006362407104447346,0.010454499845769403,0.011258002508545603,0.010863333620981035,0.009510129451353795,0.009444020097561784,0.008873721786066302,0.008441059217968443,0.012842272492801725,0.01690091758927132,0.015841393001543268,0.011199856999072121,0.009245362721073458,0.012128633231657552,0.014438509713176086,-0.0038690568587495945,-0.004375371273559304,-0.003950546818220212,-0.0022048157684091993,0.0037116814837948506,0.0022328154774932944,0.006470622809217639,0.021724724395698034,-0.002895065125803989,-0.019641400629553236,-0.023185089554225213,-0.02663435763785131,-0.020084690635610893,-0.0238690939879354,-0.07300641004959856,-0.06781859141811995,-0.06049479681082513,-0.06310143445638113,-0.06327781172884683,-0.06798336516170009,-0.06676880197249123
2014-12-01,0.0013984963162588426,-0.004219740438904107,-0.008437980111688595,-0.005641081367552197,-0.01112016661032781,-0.005121668428697852,-0.0070745362846755715,0.014026542759995276,0.010563470945977888,0.007513446476220539,0.009109861674894868,0.00943747118699254,0.010795055369228635,0.009743982679590977,0.016395101979146866,0.016906107794686275,0.01668342428157371,0.012502856450201898,0.009950227509973673,0.01582267243818853,0.013379629151028572,-0.0002271209650938376,0.0054470403909114735,0.00288751056230081,-0.0029388638760284866,-0.00348421901896133,0.0027494769791876943,-0.0018492834300472905,-0.0026168200526711523,-0.012545203986932596,-0.0132306896944725,-0.015302728393237704,-0.022396794415025158,-0.02529718115957962,-0.029414897977283184,-0.040389906253670275,-0.04626622954761763,-0.049339339607835875,-0.04418680617867164,-0.04344978451976377,-0.041968346884027494,-0.041842048580970494
2015-01-01,-0.00849412084360607,-0.0015521871252665105,-0.0011061019340982095,0.0004084459641089106,-0.006014093244174354,-0.009942551844136383,-0.018493408427445825,0.00985732839683829,0.0019164743613931173,0.0026592217291488505,0.0028990164795071947,0.004457829823799659,0.005610617875261018,0.007224004901175505,0.012418198886114225,0.0017243987924291267,-0.0023707387506511335,-0.003338252593445763,0.0022312887716766107,0.001326910213993017,0.003387951638311985,0.0044950327870906985,-0.01264545580672408,-0.007667918378550734,-0.010441907652053961,-0.007522654818105269,-0.0061138811516265506,-0.006734790363140495,-0.068960521737406,-0.05327024137726733,-0.05252521023340206,-0.048493742970335124,-0.04108724360524569,-0.0419896832129368,-0.03688563256304133,-0.09532215161188633,-0.09942067761950053,-0.09181458899620737,-0.08593441367719563,-0.08262099284807413,-0.07968747819925384,-0.08877017065663449
2015-02-01,-0.04031987845418363,-0.026003419095074844,-0.024306590351625752,-0.019907608661714035,-0.02219909168612098,-0.022888811143948914,-0.019103807430759512,-0.0010054007864189287,0.00019709693321402348,0.0003470566052626519,-0.00040473001264411786,-0.0004625945849162647,0.003968689578536993,0.0024038450593460606,-0.007250416064770034,0.00521109953684026,0.012265885185710139,0.010921757682635843,0.00840966210114586,0.0035423807487309006,0.004062891787669118,0.017131690816670476,0.014485588546263141,0.010557755376032667,0.005850083390832474,0.0008343212783944841,-0.006249469652705562,-0.006376801563120909,-0.031564641148611766,-0.03570843344535003,-0.039611420124788174,-0.03195906003432448,-0.040569547439383895,-0.041053203625512756,-0.04391681462653575,-0.098148621194744,-0.0909634031002725,-0.07697593590290477,-0.07912459380645905,-0.07627571180669328,-0.07876846438439038,-0.07679089217588651
2015-03-01,-0.0364571948276275,-0.02428255377110364,-0.026351719055507962,-0.026326392001301126,-0.025985524118009896,-0.026584696104339188,-0.024937931977502027,0.009015064352500582,0.008342774309973234,0.004074417536384783,0.0009651253869306027,-0.000494216767337674,-0.0010632644427248329,-0.002472317725081499,0.008115350661028487,0.011106721304523979,0.003552308031202203,0.0036551128253436527,0.0047116043488518115,0.0039938992416193855,0.004538221511127082,-0.02849144534007122,-0.020173992275033234,-0.02528750626210818,-0.025861883401393327,-0.02370936228864891,-0.027722907321684136,-0.02509721498881302,-0.06939888825309252,-0.057053937375396484,-0.05732625922065448,-0.052479679090344296,-0.05417828750427853,-0.053141507675907765,-0.051466370828905074,-0.10696258460760186,-0.1076853264725699,-0.10784344432414691,-0.11226540182275883,-0.10430276203217967,-0.10143406279840253,-0.10215298223696823
2015-04-01,-0.04636358550905718,-0.03697857200574452,-0.034579325898054014,-0.03955590716875916,-0.035455870293524365,-0.034709430638739255,-0.0245787195072653,0.0038921834196931756,4.589781036707016e-05,-0.0033943744519826908,-0.0014190153160456812,-0.004142784178568286,-0.002315623365904808,-0.002331511039690995,-0.004166419637042311,-0.006864131590728223,-0.004459726822174663,-0.006080304579695974,-0.005250502270978249,-0.00028221510559751976,-0.003731412874686189,-0.011086211918668614,-0.021415013672705572,-0.017249292754023222,-0.020781040749247824,-0.02359131010980244,-0.021737083824020776,-0.020123061071623562,-0.06105330529762613,-0.041656183062180184,-0.046998846639195326,-0.045125320581119226,-0.05203011927525525,-0.04161498150157074,-0.04304279079683253,-0.08405712797258261,-0.05981648924709457,-0.06992241805063462,-0.0743660594218645,-0.07752916722585992,-0.07484007657544502,-0.08360841393834813
2015-05-01,-0.02366557095798798,-0.030410006882919217,-0.02846387090219276,-0.0305383900847057,-0.033934435775077695,-0.03216438612180599,-0.025981747946674235,-0.002457180738256279,-0.0006759489505220661,-0.00031718217604773715,-0.0012079706237757934,0.0005786705938895416,-0.0006739003150558327,-0.00023853948382513828,0.020388377581395816,0.012513705938900372,0.007158591589028165,0.004744714820388129,0.003362200062654833,-0.005564929843173916,-0.007770726133049003,-0.010512093648440165,-0.021199512232421457,-0.029309745187579516,-0.02522480550506039,-0.026130356688042287,-0.022180388795694814,-0.0173602034994519,-0.044297998050680056,-0.04772116140911246,-0.05487604303478873,-0.061381869956295326,-0.06419108332376283,-0.05376794366943262,-0.051090011652218034,-0.14729559223745078,-0.12461477325818822,-0.12100213167888535,-0.11503662509820156,-0.11039767815713392,-0.12122010496715364,-0.1032907485005799
2015-06-01,-0.022775341324418795,-0.03024646123453073,-0.03019966911092665,-0.030686613440562862,-0.028236180576370076,-0.030354811914058366,-0.029281514263040338,0.0027972894001756527,0.0017247381933062562,-0.0014497903601595674,-0.003708244733500498,-0.004621944582294697,-0.000824932917194415,-0.0025498989113259935,0.021725066808124697,0.01861492843588196,0.012872118289592421,0.013815650825281578,0.011144093715888042,0.00703569799381822,-0.002973341015435135,-0.0264279085988341,-0.022769374209216115,-0.020442440750599124,-0.019587149132802174,-0.016843701945119114,-0.014695792303144623,-0.01852504216907754,-0.05439657521943009,-0.047339243431971156,-0.054088765846237834,-0.06377655683012569,-0.05914350785265054,-0.0560540153415287,-0.053864914208957365,-0.14548951444048122,-0.1338801826501661,-0.1375771359601957,-0.13794269054057848,-0.13403956514159335,-0.1337630661799074,-0.11788210122203463
2015-07-01,-0.022139543490318478,-0.027853574236015147,-0.024381104074211367,-0.019559109508608483,-0.02179172513767813,-0.02645664851250372,-0.02945471704075923,-0.003646598923240078,-0.002898876643392318,-0.00021792836079866383,-0.00045745845325544863,-0.0003155453565651525,0.0013729141903997362,-4.572872274455405e-05,0.008626816964782935,-0.0002516168152783232,-0.0059382221093959835,-0.0024214671068565298,-0.005387601715442128,-0.004514594174540583,-0.00137501935520682,-0.04707715190372758,-0.028770262351927766,-0.03133419782909668,-0.02900209353763049,-0.02457349849478122,-0.026652830934854876,-0.024042773564502164,-0.06780973001717099,-0.07575296003713783,-0.07530686541010624,-0.06984267020338579,-0.06860238933803015,-0.06095574412610953,-0.0522187685135883,-0.1315780008237856,-0.1229048242954392,-0.12210347894010054,-0.12615083082279416,-0.1317352904443215,-0.12295970917519343,-0.11254774969352462
2015-08-01,-0.017811269477418356,-0.02273268051423308,-0.02329734990560665,-0.02941915468223701,-0.028410764863768076,-0.034126463085587574,-0.03889598613583471,-0.017261486008524406,-0.014179727612758684,-0.0074192450279725935,-0.005844540477401867,-0.005127086124272943,-0.007823127277367482,-0.009390688833806142,-0.01584617747438598,-0.01725409710529163,-0.011697723906292415,-0.008295023148938633,-0.009510082476522687,-0.006737725432507682,-0.0057266966053723615,-0.04308320654416898,-0.04224349088012025,-0.04236999268784166,-0.03481593676806989,-0.04031474821814731,-0.031605702868968265,-0.027046916925879006,-0.07762027677408971,-0.10215741879858223,-0.0819260082745596,-0.07373484711290483,-0.07597272047858851,-0.07626860458801228,-0.07235973312074959,-0.17560545145439954,-0.17808159972723778,-0.17064880068287142,-0.15879376480304128,-0.16093856088232125,-0.14540212440415784,-0.1434676491934157
2015-09-01,-0.04821761474890771,-0.03825227645152963,-0.042776723776364704,-0.042243189312245404,-0.05203896243002807,-0.04386602680252917,-0.04771088972261901,-0.013302525124852728,-0.01658705264990299,-0.014242432353141004,-0.014870956814568117,-0.016129547842770056,-0.01665950625989081,-0.01548100164270344,-0.00255210132724105,-0.004637394527694133,-0.004616063735117961,-0.009274463544616227,-0.008458052227864377,-0.013242017456573961,-0.020246679588719427,-0.06148365940634783,-0.0612848458904265,-0.05978218738671215,-0.049617576083070755,-0.04398850273621939,-0.041139447148211696,-0.04646310449033265,-0.09429058528023183,-0.09356096636077865,-0.0904021729289787,-0.09053526342525317,-0.08715545926125912,-0.08778969775299147,-0.0768829677430274,-0.14757072130998602,-0.1544410304469265,-0.1478232143810476,-0.13065667272007603,-0.13173328926993652,-0.13926843778015202,-0.14009351962362251
2015-10-01,-0.062127583789634275,-0.06040276275036697,-0.060252351581037346,-0.052364243261136166,-0.05004862313248524,-0.05670133842427056,-0.053795860432898586,-0.02467495977739502,-0.02723856633159668,-0.02672160028924076,-0.026437017146071513,-0.02637039354857566,-0.029117602079330288,-0.03030594727228229,-0.024875630509502707,-0.022677747882896893,-0.025922051296616157,-0.026171811119158308,-0.026413124473542084,-0.028773169595817504,-0.026665383837937037,-0.04397041742714622,-0.04723050392679538,-0.055744739393549333,-0.05409567431619665,-0.05054198902149501,-0.05267541938879025,-0.04933586382869072,-0.054962562309716176,-0.07059935407915564,-0.08117024788669074,-0.08357224440355954,-0.08561985413831268,-0.09044061829760179,-0.08644392756306915,-0.13506902968289666,-0.17316695633996204,-0.15689368873504803,-0.16186747690412556,-0.16360240503767293,-0.15626240668075828,-0.15378270188801793
2015-11-01,-0.07980049579158768,-0.07857960197427488,-0.07722868761437457,-0.07038469691504141,-0.07478170912912249,-0.07537092072824512,-0.06819639394480599,-0.04401756204894067,-0.04186323340806835,-0.04488443174836994,-0.04780769812673003,-0.04850879988337183,-0.04500325207612257,-0.044316296523508,-0.038909016580304885,-0.04569131026184059,-0.049000840438926004,-0.0443347734620193,-0.04214370219326889,-0.038920749112458415,-0.04002513668473058,-0.0634200401555727,-0.07183869425488904,-0.06721026523318147,-0.06456861044165643,-0.06693411443285456,-0.06810966915252567,-0.07290713739352198,-0.09583684680379613,-0.10106596842961722,-0.10036049449144031,-0.09875116352096969,-0.09446082788170222,-0.0928826761683906,-0.10367652886224855,-0.20856128812668923,-0.1906936417997537,-0.180268656755801,-0.18303442710026932,-0.17738170362686098,-0.17608575871798016,-0.16798636855317545
2015-12-01,-0.10943841364952168,-0.0980402693674501,-0.09783434702683115,-0.09588462104918875,-0.09553810492261218,-0.0948888648227757,-0.09595068445759584,-0.037148696195670204,-0.03409989277545685,-0.035074069760489275,-0.029008799014054242,-0.031216771094588855,-0.03284531936235653,-0.0300058776229295,-0.062166378314284905,-0.050887125203866394,-0.0542726098768721,-0.05524552784764598,-0.057106217854616434,-0.05315416656108924,-0.05793278755024694,-0.10248659583392425,-0.10784905847917275,-0.1101907782123756,-0.10558233620144652,-0.10642941389464856,-0.10419445468334677,-0.09930752422593087,-0.16925375031934226,-0.15836550130239685,-0.15740486300798331,-0.15536942609589477,-0.15170347768214498,-0.16504508881273872,-0.1595555918194636,-0.1904500328503468,-0.22154313949075857,-0.20826183446989904,-0.20860449959181626,-0.21669587763861625,-0.21254930260571342,-0.2106925391366491
2016-01-01,-0.08395988976609985,-0.08616976063455034,-0.09644031261612243,-0.09334367468201674,-0.09179017933043447,-0.09700810457191462,-0.09423450164486043,-0.024226262567865864,-0.027431724662425987,-0.02539985502719529,-0.02642220764167502,-0.027043131333977212,-0.02810466722463352,-0.03136657446011259,-0.05280119191176182,-0.05498634601053258,-0.05505004630796497,-0.04954109471206206,-0.04564684685399923,-0.048644305625327226,-0.04643389241720719,-0.1197017713663803,-0.08985420245940483,-0.09461545327752881,-0.08674704951336361,-0.08719658644564536,-0.09885205900626327,-0.09808731275862281,-0.1560033380500279,-0.15542791493191105,-0.15576626105134658,-0.15668928379290828,-0.15403700069675258,-0.1524352783007944,-0.15201410425934245,-0.17783040884598744,-0.19649797282078935,-0.2144475873394988,-0.2150842758761235,-0.21297374921327092,-0.21112471998813076,-0.20732076724341109
2016-02-01,-0.10155675987785077,-0.09431679646638215,-0.09645588386526313,-0.09671698276285008,-0.09752785642734832,-0.10294689274269939,-0.0998790046170304,-0.02405255520309368,-0.023471644825443734,-0.03198295491209592,-0.03280531513937489,-0.0327280094775184,-0.036290295433680765,-0.0349496621929266,-0.06287627126037781,-0.07333347728986798,-0.06666005448385258,-0.06913325872876126,-0.06823649129616025,-0.06182798494536553,-0.06268460991924828,-0.13227733248106247,-0.10581498236210675,-0.10032539943507111,-0.1010703991505775,-0.10097185004433541,-0.09668891731532922,-0.09814239506428281,-0.11553376972389025,-0.12565808216488297,-0.13860993940225874,-0.13430409208497485,-0.14150204904510663,-0.13470951503716178,-0.14325969361337754,-0.19001170461160813,-0.19930118835400215,-0.20149908428922592,-0.20514153247060934,-0.19810712359710256,-0.2025150496120761,-0.19336128993066606
2016-03-01,-0.12571463163423882,-0.1238285518363384,-0.11796278444944923,-0.11408906351942832,-0.11139827456495444,-0.10332986580241318,-0.11124768634230356,-0.046379559615493234,-0.04525831510295283,-0.04312337700984713,-0.04407482941948233,-0.04329529207574211,-0.0425230452561406,-0.040335561146312544,-0.040757930387324254,-0.051833962612339746,-0.056625607535765635,-0.06536493749687394,-0.06415731924686299,-0.062130608753995856,-0.07088313888317356,-0.13320381514345822,-0.11841333672339532,-0.11456108998993829,-0.11269882203887609,-0.11640533061387202,-0.11509797285160349,-0.12081568196051402,-0.13209314126334593,-0.13844298921944737,-0.14119641125482704,-0.14463349913011703,-0.142359258683787,-0.1520255470409461,-0.15956179906304988,-0.21222245032239093,-0.20937196403208422,-0.209434960821803,-0.21106510406560053,-0.2136958240398163,-0.20356450709362048,-0.2037582834552731
2016-04-01,-0.10173505193704042,-0.0922854114892342,-0.11023769272505567,-0.10859398994785403,-0.1100338009735186,-0.11942915174661521,-0.11685989766734323,-0.046534707164276504,-0.046695652970420005,-0.04693044823088804,-0.05005332642199671,-0.0527111220068877,-0.0539697528763961,-0.05224833531980897,-0.0645481148220228,-0.06773989870046523,-0.07164762628860091,-0.07096547216702961,-0.07206689027126742,-0.08199807946049355,-0.08197625927149607,-0.130028674852713,-0.14265813941074915,-0.13014719747347964,-0.12592760378964843,-0.12163047132643118,-0.1177865515515996,-0.123297209578985,-0.17969391501647278,-0.17633205805576488,-0.18101210356612027,-0.17182686236463718,-0.17230942463642043,-0.16229639148070904,-0.16531281158267788,-0.19222237569639586,-0.19080818285364723,-0.2018278393113024,-0.20289494365537974,-0.19582865698972707,-0.1928648237200789,-0.20688041237781388
2016-05-01,-0.11194321231222401,-0.11775947687592445,-0.11647350762290741,-0.12079514781542172,-0.12179544333080453,-0.11660616753536387,-0.1233677619443487,-0.04556594619109157,-0.04530922943856409,-0.04430366215890547,-0.04873185653246058,-0.05372556512377315,-0.0462651004411977,-0.047451647443973025,-0.07357623428820066,-0.06991295908074353,-0.07560477362296793,-0.08416007985829133,-0.0819491975484267,-0.09404544249195665,-0.09556455044651474,-0.13375707738704884,-0.11447206585369449,-0.11982730773270765,-0.12119443139869045,-0.11969967036339103,-0.12995759116325425,-0.12888264914155953,-0.19324500009675813,-0.18162873575883678,-0.16259613161274877,-0.1584453422485639,-0.15889332021410274,-0.1777622307715706,-0.17509477938562182,-0.2372550622580038,-0.22439870289066277,-0.22076231110358807,-0.21896836464661812,-0.22297635120140552,-0.22669101610375522,-0.22695927072456712
2016-06-01,-0.12096530808049784,-0.09967054758288521,-0.10428059405362619,-0.10756425252244428,-0.10902279560487621,-0.11017354594201083,-0.1152514166820771,-0.07021949192573758,-0.05783780812206817,-0.057135718176714555,-0.05533501340498906,-0.054535102213186123,-0.051221711041105594,-0.052251375472452656,-0.10001382824288432,-0.09548026859729747,-0.09337709594095307,-0.08629226976765711,-0.08166357518868847,-0.08746278020703976,-0.08170047087248271,-0.11957820587404643,-0.12217203159142394,-0.12448720329946031,-0.12724252237768804,-0.12761254058424742,-0.12581478078219796,-0.12598984304257715,-0.16325811972829307,-0.1590547457104204,-0.16919403821259224,-0.16851009966305316,-0.1639101442345264,-0.16761926284226333,-0.18421763696769816,-0.2660940732488354,-0.2508381720572825,-0.24441848849492834,-0.2441856141899211,-0.2353658496887722,-0.23927439838609804,-0.2515539296639641
2016-07-01,-0.14591874606572533,-0.14653580608123887,-0.13508829702219569,-0.12871075015880623,-0.12110928445292395,-0.12155519414389056,-0.12335580925445291,-0.05065597430634392,-0.04980674768724565,-0.051613314786820234,-0.05186922922450301,-0.0526876725596386,-0.048462331254319584,-0.04684768770794766,-0.08675170514315132,-0.09733721931114227,-0.0946973200347759,-0.09893535958146125,-0.0923555791465314,-0.08406604382334382,-0.08709266706687308,-0.15044732938070354,-0.12859895586262285,-0.13183165450866624,-0.12910918995213064,-0.12849895421468452,-0.12260017877712137,-0.1332828161177944,-0.147090684360743,-0.14246538020063104,-0.1428412687591741,-0.14858895671074396,-0.14748474935496925,-0.1532864492949132,-0.15721556838195325,-0.15998565770446405,-0.18773922529522574,-0.1944143808343963,-0.1881503882676042,-0.20305276025801489,-0.20400604075612977,-0.2046126259331968
2016-08-01,-0.1448361102446497,-0.14134396292221207,-0.1302528140542444,-0.13206665222245897,-0.1311593686437274,-0.13154407164645468,-0.12668081989176938,-0.04993357187187868,-0.05089865555703741,-0.05034254451980758,-0.04811330704482001,-0.0467626803885122,-0.047361155771311655,-0.050418628888640925,-0.06610107734208424,-0.07224621236686249,-0.07522038013585938,-0.06977004263854214,-0.06972689151217894,-0.07238975423367157,-0.08233697547248277,-0.10878657376041038,-0.11783482985149227,-0.12088578297490958,-0.12490479650354266,-0.11956801810217974,-0.1260143443068182,-0.13014563838986692,-0.16810077442394591,-0.17801215219150315,-0.18252360301942583,-0.18086588187480337,-0.17865145340922534,-0.1827205919643198,-0.17324078288675893,-0.1902388312379146,-0.19816923668587288,-0.21005366555398272,-0.20596334408371267,-0.1965171947899318,-0.20773893286429918,-0.20805876219289685
2016-09-01,-0.08875966242844884,-0.10916362605581983,-0.10882229884192149,-0.10878058861564834,-0.10788597378576784,-0.10847249445729099,-0.12005223600165128,-0.035004459532004685,-0.03606859499739411,-0.03067273307805102,-0.029676859297509968,-0.03220456184641897,-0.03131859024292467,-0.03628008085462384,-0.09243594954977377,-0.06983528838736976,-0.07660508131101669,-0.0766092307512878,-0.07883391115770236,-0.07161008166876143,-0.07464148772050062,-0.12337958848907722,-0.12102822715761433,-0.12092900875564896,-0.11773880884315238,-0.113705731702965,-0.10991727900331871,-0.12378452740448029,-0.17360871993500127,-0.167457324449473,-0.15889484677210247,-0.16455471147008816,-0.17072450996976113,-0.1824693068368224,-0.17585007594962782,-0.20834994455344605,-0.1927159907609416,-0.1992415147840572,-0.2123050678000103,-0.20658522149997183,-0.20931914371607518,-0.20753794005476595
2016-10-01,-0.07301861670391806,-0.10082725859263869,-0.09049114285561673,-0.09884967678410053,-0.10105645359413833,-0.11535271428888397,-0.11364622490745303,-0.052779748306972435,-0.04639945756238036,-0.038613704097989254,-0.0376702483781816,-0.040115000651041836,-0.0435657662670068,-0.044255515451168986,-0.10221386021307359,-0.08697868384947946,-0.07515542437707658,-0.08161674942440736,-0.08350704721947194,-0.07754565323003049,-0.07564469795229749,-0.15323946144537098,-0.1471057863681661,-0.1333060929124283,-0.12830387566335513,-0.1241187040607913,-0.12163917110764925,-0.11595177897249045,-0.1392252317899904,-0.1559891865147675,-0.15611630039294822,-0.15354450362023117,-0.15577707305153035,-0.15801769855880238,-0.1563589381022479,-0.18248480443040724,-0.1759382226186458,-0.1767421555386403,-0.17832319068057645,-0.18260882215700208,-0.18341415238018832,-0.1753764829477342
2016-11-01,-0.12065769581871096,-0.13040036740099878,-0.13550806523692235,-0.13725471316978174,-0.13577706136600692,-0.12733960851646123,-0.1287514662442654,-0.058243075489693694,-0.04470457862423904,-0.044244760877114805,-0.0486113843792648,-0.050642715547902936,-0.05038153458969754,-0.051285615136038055,-0.12499652388105462,-0.10981968300554824,-0.11054694038351927,-0.09991416325773379,-0.09789559128038121,-0.09340624726746838,-0.08732547936211896,-0.13441925648730566,-0.11495500585248171,-0.12716587087599282,-0.13530703320491763,-0.1315645325813424,-0.132554675615698,-0.12946701340796893,-0.14949674924506734,-0.1672996234474816,-0.15633909487588663,-0.15519950459444062,-0.1507967202254776,-0.1669114370442264,-0.17066963141247055,-0.22462740367221734,-0.23750665903827056,-0.23310997059367897,-0.24214456723162503,-0.24636526717266752,-0.2430959965607107,-0.23367054558606087
2016-12-01,-0.15137765704665138,-0.1504081082230203,-0.14559705403683276,-0.14718223217609916,-0.15269551428068334,-0.14338496983646928,-0.13778838219224554,-0.04216544701899819,-0.05384582654695202,-0.06132436255478803,-0.057679630535819634,-0.059093837332931394,-0.06104796548340728,-0.05985407672995001,-0.06537766765544464,-0.06901826436855543,-0.07946816460278239,-0.084639010972098,-0.08726248654129772,-0.09628380072445042,-0.09443024860832933,-0.14105552147887657,-0.1458454434670366,-0.14908460672334817,-0.15631961913713843,-0.15214580472330858,-0.15502266592865513,-0.1486293960750605,-0.19949792671428662,-0.18223391886180854,-0.18936751382083625,-0.1974452719136232,-0.20078344952729804,-0.19313216652812606,-0.18365020355097048,-0.2007387224337842,-0.19955229270974736,-0.20220173091019303,-0.20799578491517876,-0.202665351155904,-0.20458976296048056,-0.21106319281364755
2017-01-01,-0.12378110806857244,-0.11733898333450915,-0.13275656447032838,-0.13224422488975066,-0.13139179233752865,-0.12908331001565074,-0.13174272588194028,-0.03890300662670347,-0.04504860609271887,-0.05109783008920078,-0.05492669394797958,-0.0530021274567422,-0.05271496726056583,-0.04867575264179943,-0.09358454486984917,-0.0968567913239974,-0.09351418644974609,-0.10079729405864997,-0.097850321019131,-0.09174535443420437,-0.08979802088581512,-0.16919967492526386,-0.1550679563014015,-0.1603948284440842,-0.16320923069773466,-0.15825050780095,-0.14627764063262205,-0.14524324830106836,-0.15677186385423134,-0.19501411529819984,-0.1926028063243386,-0.18442962978769734,-0.18137926378348324,-0.18160348339195742,-0.18271823105050505,-0.2046317241884763,-0.18788172075237672,-0.17357639335333536,-0.18408258309070247,-0.18687465716882645,-0.19703310695417942,-0.2011914090444264
2017-02-01,-0.16278781575351467,-0.1538593571177877,-0.14863548829372678,-0.14724949426269265,-0.15388408840281878,-0.1522250748299393,-0.14345081624627856,-0.056023380411276594,-0.05608297788094026,-0.05393548398077307,-0.0549812444397083,-0.056330941943660305,-0.052418254940040404,-0.052482856867247914,-0.11608204325819617,-0.120088290391042,-0.11682602456907139,-0.11913100826452434,-0.11544516307742467,-0.11056477705799508,-0.10006604301884285,-0.14413746523613502,-0.1485678569721812,-0.1613161066830981,-0.1577544606344511,-0.16265936909039796,-0.15699642268194466,-0.1612652352890829,-0.23291235360631415,-0.21699080787700098,-0.19946003997282535,-0.2040333421882912,-0.20490134107355237,-0.20759719331620324,-0.20739499062425681,-0.17053287805037248,-0.1858410251981725,-0.1851087157080519,-0.19606038233608472,-0.1929508258702625,-0.19159920508605566,-0.20141847115377315
2017-03-01,-0.17623545907354815,-0.16044124996137551,-0.15696327873087595,-0.15866495384911192,-0.1526621571513734,-0.16097395173796653,-0.15517595550615765,-0.07510455744203351,-0.06387388873862726,-0.06959125038632052,-0.07049857324677045,-0.07028724747060737,-0.0718533070077504,-0.06823674636286108,-0.0815026336220745,-0.08565945550618241,-0.09057426296747591,-0.10032245699652394,-0.10093558577235291,-0.1011750161243941,-0.10495657923514802,-0.1882388502772305,-0.17374901213331426,-0.16902988667697166,-0.1608076667883596,-0.16316734827131865,-0.1638104910998699,-0.17194456445807846,-0.2126563550823234,-0.1934364868887864,-0.1783631803203874,-0.18129299957688477,-0.18527721879883516,-0.20080362558746342,-0.20666901358414203,-0.19645949814663108,-0.2144305679437513,-0.21775939481072631,-0.23014592957725755,-0.22940101296708348,-0.2240732253215097,-0.22598856787802982
2017-04-01,-0.15383708282542002,-0.1784726909654776,-0.16959970752998002,-0.16931281485297017,-0.16718566158361012,-0.17326188056531736,-0.16623537023638985,-0.08292875000697694,-0.07989524875356936,-0.07465890630432967,-0.07387844435508238,-0.07517579307561677,-0.07977167090630789,-0.07243469312755714,-0.10587952548275514,-0.11893293968160451,-0.12223021085791735,-0.11928509560288246,-0.1218038068770995,-0.11908501502287112,-0.12371122512294286,-0.18455454897658763,-0.17553021165145158,-0.17172164216024485,-0.1721651991016529,-0.17762196154399004,-0.1801426465586798,-0.18671183845822625,-0.24183211119190587,-0.24801836356523493,-0.24113972790267413,-0.235568084897788,-0.232189452350536,-0.22753500630647183,-0.22088917912907766,-0.2946278663838304,-0.2753177812602095,-0.28901938747341266,-0.2958829939825263,-0.29050733521223965,-0.2732285907982567,-0.2609425120718844
2017-05-01,-0.18872222966734967,-0.1934386422860676,-0.19013508427023731,-0.17879547231430012,-0.1695270751480685,-0.17884151413359328,-0.17444268380011632,-0.0802887389067665,-0.09131263722864807,-0.08904988496981052,-0.08585632654787417,-0.08238278877812776,-0.0832274172093776,-0.08672619934387121,-0.12381143024597667,-0.12123228165107362,-0.1245845153356302,-0.12398722108345915,-0.12954748102131702,-0.13392676626636793,-0.1351837089623764,-0.16349575785825027,-0.17213732978380353,-0.1728023472719909,-0.18068646046829911,-0.1803848179258099,-0.18681844592295327,-0.1936878571059317,-0.22812116331498036,-0.21206246853797098,-0.2200041330257525,-0.22776121574111058,-0.22992104201980673,-0.22413678640084944,-0.22395121652890163,-0.28712945895777126,-0.2619900068383861,-0.2534823612372096,-0.24962886318579253,-0.2505427150499865,-0.24534504645956234,-0.2478133516325232
2017-06-01,-0.17289297762533817,-0.20119206616186494,-0.1922260630444868,-0.1970354448950884,-0.1929344415969645,-0.19315503726851269,-0.1894546724760911,-0.08154997177317408,-0.08766418559580923,-0.07835461767780287,-0.08622538570089876,-0.0815742019583713,-0.08409371873121492,-0.08426129235429088,-0.16751949109550945,-0.15698186938966188,-0.1636572375137445,-0.15526359285521044,-0.15657545500167874,-0.1486892859601694,-0.15074000053984513,-0.20245571571079737,-0.18326309397171595,-0.1735488097381463,-0.17911672519875935,-0.1814276795615937,-0.19233694858127098,-0.20161255338716078,-0.22245312152157462,-0.24871957571376982,-0.255210926625388,-0.25347370005728453,-0.25484028327485714,-0.25889126692985637,-0.26310181780856595,-0.25692963850111,-0.23811643518076206,-0.2357664802991781,-0.2467653816442535,-0.24570202894755078,-0.24658156457486874,-0.256062663758019
2017-07-01,-0.19942872082885113,-0.18868928455402814,-0.19534982206441645,-0.18877508714614735,-0.18665362823448206,-0.19413012914693598,-0.1956263277604996,-0.1132735283248652,-0.10479237183458087,-0.09816077613929669,-0.09890521481779904,-0.09942952590374468,-0.09415714328074883,-0.08985507851710617,-0.1356497485606603,-0.13240177893971497,-0.12566989641432064,-0.12936035547877164,-0.13507693215514094,-0.13430804278193614,-0.13845391738658064,-0.24204183218683611,-0.22474827482986254,-0.22843167600088277,-0.21857744868217263,-0.21630767951061106,-0.21118623949730242,-0.21179371601910552,-0.30844995068278525,-0.2607573542880616,-0.2674501139791471,-0.27194434798787676,-0.2661201935886709,-0.26969985401358376,-0.2670062497753172,-0.2916731170408871,-0.29131934729335346,-0.2969710337863942,-0.2924753243544456,-0.29167504782276144,-0.29463743013743043,-0.2888168870296867
2017-08-01,-0.19523393293640764,-0.17931349246958136,-0.1758785272109554,-0.19203355319292006,-0.19177246643321977,-0.20226395254086277,-0.20362313403878415,-0.10643048094127477,-0.09533831585388665,-0.08835735619468639,-0.08790591801620405,-0.08955548652411109,-0.09041368423174366,-0.09917965907498745,-0.17829249995660845,-0.15992049706703082,-0.15730966787162812,-0.15970258838761398,-0.16094309397842596,-0.1575256770838477,-0.1600815098653589,-0.18670793558943335,-0.19160624662625533,-0.19411658766861606,-0.19748667276680398,-0.2028332030157554,-0.20856164097143956,-0.20521752405627483,-0.26315029892280245,-0.26602032150106536,-0.2535937928379872,-0.2756132895945988,-0.279290950485712,-0.2673540594134066,-0.27017621105587825,-0.2916312090119129,-0.28483444875979175,-0.282676721931069,-0.2836746515048942,-0.2854535299793465,-0.28543679280145084,-0.2790295248622963
2017-09-01,-0.22536769304430052,-0.22314119165681154,-0.2317624655512116,-0.22786926958426781,-0.22622008211027841,-0.22676619479939797,-0.22117044528015836,-0.10670644050620393,-0.09311608674537344,-0.10456763576639494,-0.10638696870170408,-0.10984160663400605,-0.11106856910513688,-0.10518458604267916,-0.14170940734222523,-0.16838968505589208,-0.1609325768089954,-0.15431852142683297,-0.15625305849224785,-0.1561284461950818,-0.16064894263720111,-0.19394469867328332,-0.2218257767886914,-0.22225931513739638,-0.22434330039061734,-0.2310914448252562,-0.23378376271377235,-0.23145585207834993,-0.3021344807295271,-0.3209866497607593,-0.3256817584262599,-0.32065223214740257,-0.31767839213047094,-0.3218474029978215,-0.31019769794317625,-0.3461856452287257,-0.3511876255361735,-0.3340718197229478,-0.33961139951523567,-0.34142738400907197,-0.3427578368574854,-0.3293887505129808
2017-10-01,-0.15731237051464567,-0.16142782406354178,-0.1642252912662707,-0.15740990795221424,-0.16438878055810555,-0.1502974329494121,-0.1555317930748926,-0.11211766281304354,-0.1022812491398313,-0.10781256556084823,-0.10210648263972102,-0.10798892743600971,-0.10656964364505865,-0.10161328496213579,-0.09520714818090346,-0.09589293449940396,-0.11112041538565712,-0.10983570371397818,-0.11360338116416441,-0.12225612799943915,-0.1214270312346239,-0.18399309484230994,-0.1742707598116055,-0.17851015476373144,-0.1783720600294159,-0.1758734670795414,-0.1815753714144537,-0.17263367014646078,-0.17013784055444667,-0.17480256549216866,-0.19727307586519108,-0.20294294550381967,-0.1954218003793215,-0.1930276009012343,-0.17316134526920626,-0.23270188821671606,-0.2619172857073027,-0.2678366681101024,-0.2748890656288472,-0.27883838199942035,-0.277821016290828,-0.27486458762284216
2017-11-01,-0.10783712029577845,-0.1256018205265924,-0.13366212202943473,-0.13858631111029182,-0.14302826780426392,-0.15421090689164355,-0.15328167472786933,-0.13104070409580829,-0.13469514972218183,-0.12365129660518058,-0.11434326767479272,-0.11439104148985295,-0.10699924407696053,-0.10707578356500913,-0.12799762555161567,-0.1322255271636336,-0.12171298394141367,-0.12104659772466801,-0.12293773852955832,-0.126728027679734,-0.1178693633528678,-0.17227732714282082,-0.17381564277350434,-0.1829604547024908,-0.18218897131712714,-0.1781306698660286,-0.1744173822555218,-0.17168310994118827,-0.17843518492516744,-0.1878352347521281,-0.20724306639276582,-0.21811557878382123,-0.21021809231281088,-0.21639982400066898,-0.2073289581468733,-0.27669833449072523,-0.2446561481059475,-0.24755679947780315,-0.23891789255963491,-0.24750630480769348,-0.24779362521749912,-0.2566205541282469
2017-12-01,-0.15197596378394948,-0.14991268671776506,-0.15675931692497277,-0.15090862655885903,-0.1573627776518799,-0.15280709392406946,-0.15430189882111325,-0.12128857120552484,-0.12114398724665616,-0.1082864775498253,-0.11016158777665247,-0.10781682069201912,-0.10215758425371647,-0.09714964730054819,-0.14904672033034863,-0.15651325327633986,-0.16437400441012567,-0.16179911428814764,-0.16216315432693548,-0.15685402238916082,-0.1494174386229203,-0.19528995471564484,-0.17136042696887005,-0.1879704078534329,-0.18440852463041466,-0.18419682572184307,-0.18068001504008596,-0.1842580175724375,-0.17810538096806006,-0.1709649888971891,-0.17801029722689587,-0.17603312975469548,-0.17453873609861947,-0.17445367980218354,-0.17688400552285186,-0.21908105093536792,-0.21336805772351053,-0.19960612070655445,-0.20935712694770978,-0.21164605471417627,-0.20605687011594653,-0.197865067438834
2018-01-01,-0.15604230696067337,-0.13388802648791878,-0.1281196129716607,-0.13237575342984562,-0.1348440894578913,-0.1386803185794352,-0.13876330257309177,-0.10936833227932218,-0.11284914435740584,-0.116579913869637,-0.11578373225183887,-0.11455540234529651,-0.11753122524813531,-0.11958042568860794,-0.09537596126557894,-0.08979031351027252,-0.09066181398781667,-0.09816341860331855,-0.0985499389351252,-0.11361789705846545,-0.12369746844158899,-0.124250352734418,-0.15768129507596623,-0.1576582884129329,-0.15012085273022974,-0.14633513646128835,-0.1483618726032932,-0.15216623016550954,-0.13335841275992966,-0.14307311077248744,-0.14746628586031363,-0.14324257496940643,-0.14915746413546227,-0.14961822923747548,-0.15868238902007983,-0.15959827957338799,-0.1511167415250518,-0.14295372318305521,-0.15048985304612486,-0.15154063740030074,-0.1532759779932537,-0.15326799579100311
2018-02-01,-0.14263867890622745,-0.15722730775223567,-0.14529414782601327,-0.1480274710502055,-0.14313493542898795,-0.14171543072694223,-0.1450255798423611,-0.14240059905095437,-0.14058081611080694,-0.1365926281849955,-0.1399317341602855,-0.1368923798759773,-0.13294967005277322,-0.13093252621136656,-0.1259532503655591,-0.12585074161818788,-0.12171152447407604,-0.13487075560951484,-0.1381108023923902,-0.1411142707306133,-0.154260460744264,-0.1210387037017737,-0.1364528928961187,-0.1452762502447005,-0.14870029629972875,-0.15292215499873085,-0.15991883460601344,-0.1549685141202941,-0.1443144220778604,-0.1405581272681819,-0.13481178321856627,-0.13492080692260178,-0.13755566148954337,-0.14521435972396068,-0.14745667256654255,-0.16723637373006126,-0.1501539681096703,-0.1522499672025686,-0.15332507779388338,-0.14595426206249945,-0.1571419644939229,-0.15065432151796157
2018-03-01,-0.15571061735811761,-0.1607966818635634,-0.1657762444488354,-0.16348850215079005,-0.16774655822163012,-0.1680597856682731,-0.15585033080726657,-0.20744256144787235,-0.18160306632264694,-0.1745092566437439,-0.15547043703218597,-0.15689399179280064,-0.16332476505013807,-0.16030340364007292,-0.1478040600816162,-0.16825861835211656,-0.16386959323712286,-0.1646768392579765,-0.16081822431503978,-0.1584194584531126,-0.16055464136042544,-0.13922968392099513,-0.1343970212678496,-0.14804322046763801,-0.14462301235175407,-0.14665317992722263,-0.14082417067792283,-0.13357068913517803,-0.14606984098733966,-0.1590639128303396,-0.16746389387577612,-0.17134465296539753,-0.17063588858270584,-0.1655153994004925,-0.15980637587899663,-0.10219492011922529,-0.10072523182846023,-0.10931856463579186,-0.11622459745667438,-0.1145506013972606,-0.11296521186600768,-0.11756361625720092
2018-04-01,-0.18243098300762384,-0.16786724049996785,-0.16357865254924184,-0.16008903894388962,-0.1583076730824979,-0.15603533357793892,-0.1574318446479489,-0.16014700222777611,-0.14227999848030243,-0.13547071493192997,-0.1337760520574697,-0.1330381106048233,-0.13876895449099674,-0.13825986794034548,-0.1361660721482096,-0.13518852589503666,-0.13316249216150722,-0.1433555213079038,-0.14333535820249177,-0.14787849122179617,-0.1482210219235632,-0.17615881085584478,-0.17384628889898662,-0.1678255374547633,-0.1663964449112472,-0.16021388834477948,-0.15849364100196398,-0.16100130695343481,-0.178648928564379,-0.17937445225750312,-0.17871762473844904,-0.17451476669692242,-0.17045986963772414,-0.17239343092736809,-0.17399875155606284,-0.21426591069331774,-0.2088027519428297,-0.20529330558634237,-0.20023352883840814,-0.2027467721656005,-0.20722448035506041,-0.20722448035506041
2018-05-01,-0.21218213428799096,-0.19860695003657317,-0.19559035466545233,-0.18808117281834433,-0.1937743350677377,-0.20169480224238642,-0.21319994961470104,-0.23106272066486927,-0.21946834332410423,-0.1938853151496521,-0.19304027353620787,-0.18985327811516642,-0.20348991506149386,-0.2078280923085212,-0.2334238176646247,-0.21384580587685578,-0.2175676284968642,-0.2176591390835748,-0.21795731595673434,-0.22146585034603383,-0.227486487563916,-0.20592991680560788,-0.2005820194279113,-0.217602541012016,-0.21856494882409952,-0.23043861491897777,-0.23551638624294505,-0.23227825660264217,-0.19006317660566413,-0.18684201186983096,-0.1872265675092008,-0.17695987868581473,-0.17948271351524628,-0.17017604857615992,-0.1759492090397208,-0.21639606313785795,-0.18917912480022828,-0.17951456749097652,-0.17881057323896743,-0.1648009604092251,-0.16082237362884208,-0.16082237362884208
2018-06-01,-0.23128765831898193,-0.23982516649448046,-0.2584579796042423,-0.26465760435104174,-0.2634446254729225,-0.26709077905934586,-0.2588077724420889,-0.3177603658924021,-0.29290000331211263,-0.2993167763716837,-0.31859713166676845,-0.3172756583107004,-0.30345444608189504,-0.2931458797707868,-0.2451043615036693,-0.23327320464473264,-0.24441724613658772,-0.24827341002991113,-0.2541897834135365,-0.25996039187920383,-0.25732409522447947,-0.22685381038490704,-0.20872062894659313,-0.21076290695558783,-0.20327319729984958,-0.2061014578679712,-0.20402018689862167,-0.19575641598027013,-0.2961773069486627,-0.28495330295720367,-0.29240283909755893,-0.2962744520234259,-0.30297604590110205,-0.29613485724413136,-0.295232753218687,-0.2449050697884608,-0.28947518359971636,-0.29991798361651145,-0.30178037409737796,-0.3011082603442656,-0.3011082603442656,-0.3011082603442656
